股票代码,股票名称,年份,净利润(万元),ROE(%),毛利率(%),资产负债率(%),流动比率,经营现金流净额(万元),净利润_2022,净利润_2023,净利润_2024,2023净利润增速(%),2024净利润增速(%),pe_ttm,股息率(%)
sh.600519,贵州茅台,2024,500000.0,30.0,90,20,3.0,1000000.0,550000.0,525000.0,500000.0,5,5,26.024134251249983,1.6
sz.000858,五粮液,2024,500000.0,25.0,75,25,2.5,800000.0,550000.0,525000.0,500000.0,5,5,25.244712905957613,1.6
sh.600276,恒瑞医药,2024,500000.0,18.0,85,45,1.8,300000.0,550000.0,525000.0,500000.0,5,5,31.120977263512565,1.6
sz.000333,美的集团,2024,500000.0,20.0,25,65,1.2,400000.0,550000.0,525000.0,500000.0,5,5,24.940235784689527,3.0
sh.600887,伊利股份,2024,500000.0,19.0,30,55,1.5,250000.0,550000.0,525000.0,500000.0,5,5,28.624548838811556,3.5
sh.600900,长江电力,2024,500000.0,17.0,50,60,1.4,900000.0,550000.0,525000.0,500000.0,5,5,23.971485496017863,5.0
sh.601888,中国中免,2024,500000.0,18.0,60,50,1.6,500000.0,550000.0,525000.0,500000.0,5,5,26.835394682175302,1.6
sh.603288,海天味业,2024,500000.0,28.0,45,35,2.2,350000.0,550000.0,525000.0,500000.0,5,5,47.734983288991856,2.0
sz.002415,海康威视,2024,500000.0,22.0,40,40,2.0,450000.0,550000.0,525000.0,500000.0,5,5,22.90683481259183,2.5
